{"cameraMode":{"drawMode":0,"name":"Shaded","section":"Shading Mode"},"sceneLighting":false,"audioPlay":false,"sceneViewState":{"showFog":true,"showMaterialUpdate":false,"showSkybox":false,"showFlares":true,"showImageEffects":true,"showParticleSystems":true},"in2DMode":false,"pivot":{"x":0.019119977951049806,"y":1.8380330801010132,"z":-0.00007927417755126953},"rotation":{"x":0.048209935426712039,"y":-0.7276817560195923,"z":0.05136691778898239,"w":0.6823666095733643},"size":3.6177473068237306,"orthographic":false}