{"cameraMode":{"drawMode":0,"name":"Shaded","section":"Shading Mode"},"sceneLighting":false,"audioPlay":false,"sceneViewState":{"showFog":true,"showMaterialUpdate":false,"showSkybox":false,"showFlares":true,"showImageEffects":true,"showParticleSystems":true},"in2DMode":false,"pivot":{"x":0.09182606637477875,"y":0.9319774508476257,"z":0.0766976997256279},"rotation":{"x":0.13954269886016847,"y":-0.6381983757019043,"z":0.11910919100046158,"w":0.74775230884552},"size":1.9416587352752686,"orthographic":false}