{"cameraMode":{"drawMode":0,"name":"Shaded","section":"Shading Mode"},"sceneLighting":false,"audioPlay":false,"sceneViewState":{"showFog":true,"showMaterialUpdate":false,"showSkybox":false,"showFlares":true,"showImageEffects":true,"showParticleSystems":true},"in2DMode":false,"pivot":{"x":0.006891608238220215,"y":1.825801134109497,"z":0.0000559687614440918},"rotation":{"x":-0.037557896226644519,"y":0.5496735572814941,"z":-0.024764500558376313,"w":-0.8342198133468628},"size":2.671055555343628,"orthographic":false}