{"cameraMode":{"drawMode":0,"name":"Shaded","section":"Shading Mode"},"sceneLighting":false,"audioPlay":false,"sceneViewState":{"showFog":true,"showMaterialUpdate":false,"showSkybox":false,"showFlares":true,"showImageEffects":true,"showParticleSystems":true,"showVisualEffectGraphs":true,"m_FxEnabled":true},"in2DMode":false,"pivot":{"x":0.014656126499176026,"y":0.8212146162986755,"z":0.0001984238624572754},"rotation":{"x":0.13353057205677033,"y":-0.36248162388801577,"z":0.05256118252873421,"w":0.9208765029907227},"size":1.3518297672271729,"orthographic":false}